Code,M2
00E3,0DFF
0E98,720E
0052,1BFF
52E0,7252
0087,7200
93E0,1AD8
0186,E403
0192,8DFE
0214,F202
22E1,3774
0247,E404
0270,8DFD
0301,0DFC
0319,E406
32E1,0DCD
0365,7203
0375,37F2
0393,1BF8
0433,1BF7
0482,0DFB
53E1,E4A7
0597,F205
0611,8DF9
0626,E40C
0675,F206
0704,7207
0705,37E3
0760,0DF8
0778,E40E
0821,0DF7
0839,E410
0845,7208
0855,37DE
09E2,37D8
0934,F209
0950,8DF6
0967,E412
1035,F210
1051,8DEF
1066,E420
1120,0DEE
1138,E422
1144,7211
1154,37BA
1273,1BDB
1289,F212
1407,E428
1430,8DEB
1454,F214
1493,37AD
1524,37AB
1525,7215
1541,0DEA
1559,E42A
1612,1BD3
1698,E42D
1799,7217
1887,E431
1893,8DE7
19E2,0DE6
1953,1BCD
1986,7219
2071,1BBF
2218,7222
2219,3777
2237,F222
2253,8DDD
2264,E444
2322,0DDC
2346,7223
2356,3772
2369,F223
2410,1BB7
2605,E44C
2632,8DD9
2656,F226
2669,3766
2679,7226
2691,3765
2708,F227
2726,3763
2727,7227
2743,0DD8
2802,0DD7
2849,F228
2866,7228
2876,375E
2890,1BAE
2917,F229
2938,7229
2939,375B
2944,E452
2973,8DD6
3016,F230
3038,373F
3039,7230
3045,E460
3072,8DCF
3103,0DCE
3148,F231
3167,7231
3177,373A
3191,1B9C
3250,1B9B
3285,7232
3384,E467
3390,8DCC
3413,8DCB
3424,E468
3448,372E
3458,7234
3477,F234
3506,7235
3507,372B
3529,F235
3562,0DCA
3631,1B93
3680,0DC9
3795,F237
3970,1B8D
4014,1B7F
4094,36FD
4123,36FB
4201,E484
4219,0DBD
4236,8DBD
4252,F242
4323,7243
4347,0DBC
4368,8DBC
4475,1B77
4553,36EA
4633,F246
4657,8DB9
4660,E48C
4678,0DB9
4709,8DB8
4726,0DB8
4742,7247
4803,7248
4848,8DB7
4867,0DB7
4916,8DB6
4921,E492
4939,0DB6
4972,F249
5017,8DAF
5020,E4A0
5038,0DAF
5073,F250
5102,7251
5149,8DAE
5166,0DAE
5235,1B5B
5284,0DAD
5302,36B3
5391,F253
5412,F254
5441,E4A8
5459,0DAB
5476,8DAB
5507,0DAA
5528,8DAA
5563,7255
5595,1B54
5654,1B53
5681,7256
5772,36A2
5780,E4AF
5794,8DA8
5822,369F
5915,1B4D
5995,3699
60E2,7260
6037,1B3F
6086,0D9F
6100,367B
6169,1B3D
6193,F261
6215,8D9D
6222,E4C4
6271,F262
6300,7263
6364,0D9C
6456,1B37
6483,7264
6508,1B35
6570,366A
6582,E4CB
6588,3669
6596,8D9A
6610,F266
6643,E4CC
6674,8D99
6705,0D98
6761,7267
6797,1B30
6820,7268
6844,0D97
6902,E4D2
6935,8D96
6951,F269
6988,1B2C
7003,E4E0
7034,8D8F
7050,F270
7089,1B1E
7121,7271
7145,0D8E
7216,1B1B
7288,8D8D
7296,3635
7321,3633
7348,1B19
7431,F274
7455,8D8B
7462,E4E8
7524,0D8A
7540,7275
7677,1B13
7729,1B11
7751,3622
7798,0D88
78E2,E4F1
7801,361F
7868,1B0F
7892,F278
7936,1B0D
7987,0D86
8015,E500
8024,F280
8040,8D7F
8131,0D7E
8155,7281
8200,1AFB
8298,F282
8351,35F2
8421,8D7B
8445,F284
8474,E508
8534,7285
8550,0D7A
8661,1AF3
8696,35E5
8721,35E3
8788,7287
8871,35DE
8882,8D77
8889,35DD
8920,1AED
8997,7289
9021,1ADF
9096,7290
9170,35BA
9183,8D6E
9188,35B9
9205,F292
9234,E524
9261,8D6D
9310,0D6C
9374,7293
9440,1AD7
9493,0D6B
9500,35AB
95E2,8D6A
9586,F295
9594,E52B
9600,8D69
9655,E52C
9664,F296
9715,7297
9771,0D68
9781,1AD0
9830,0D67
9854,7298
9914,E532
9925,F299
9941,8D66
1E04,3787
10E3,37BC
5FEB,1B40
61E3,E4C3
7E04,0D81
79E3,7279
1E05,721E
36E4,7236
44E4,36EC
37E5,E46F
04E6,7204
56E5,0DA9
05E7,E40B
76E6,3624
82E6,35F4
88E6,F288
5E08,8DA1
64E7,0D9B
91E7,F291
16E8,F216
3E09,F23E
74E8,1B16
76E9,8D89
83E9,7283
8E14,728E
9E20,3587
3E26,723E
3E27,3707
5E27,0DA1
6E28,1B23
3E42,0DC1
5E43,725E
6E50,3646
7E60,727E
1E61,0DE1
8E70,0D71
4E73,36C6
1E79,E43C
8E80,1AE2
4E81,E49D
9E89,729E
2E94,F22E
4E95,8DB1
7E96,1B02
6E99,0D91
00A8,F200
00CC,8DFF
00D8,E401
010C,1BFD
01BD,0DFE
01D9,7201
01F6,F201
023A,37F7
023B,7202
025F,0DFD
02C2,37F4
02CD,1BFA
032E,8DFC
034A,F203
038D,37F1
04AD,8DFB
04B9,E409
04C9,F204
056D,1BF5
05B8,7205
05DC,0DFA
05F3,8DFA
063E,0DF9
064A,37E6
065A,7206
06AC,1BF2
06B2,37E5
072B,F207
074F,8DF8
07F2,1BF0
07FD,37E0
080E,8DF7
086A,F208
08AD,37DD
08B3,1BEE
091A,37DB
091B,7209
097F,0DF6
09ED,1BEC
0A2C,1BEB
0A9D,0DF5
0AA6,E415
0AB2,8DF5
0AD6,F20A
0AF9,720A
0B72,1BE9
0B88,F20B
0BA7,720B
0BC3,0DF4
0BEC,8DF4
0BF8,E417
0C0B,F20C
0C24,720C
0C25,37CF
0C40,0DF3
0C58,E418
0C6F,8DF3
0CD2,1BE6
0CDD,37CC
0D06,E41A
0D1E,0DF2
0D31,8DF2
0D55,F20D
0D6A,37CA
0D7A,720D
0D8C,1BE4
0D92,37C9
0E4D,1BE3
0EB7,F20E
0EC7,E41D
0ED3,8DF1
0EFC,0DF1
0F13,1BE1
0F8D,8DF0
0F99,E41F
0FA2,0DF0
0FC6,720F
0FE9,F20F
101A,7210
101B,37BF
107E,0DEF
10EC,1BDE
110F,8DEE
116B,F211
11AC,37B9
11B2,1BDC
12A6,7212
12C2,0DED
12ED,8DED
12F9,E425
132D,1BD9
139C,0DEC
13A7,E427
13B3,8DEC
13D7,F213
13F8,7213
141F,0DEB
146B,37AE
147B,7214
148D,1BD6
150A,F215
156E,8DEA
15D3,1BD4
15DC,37A8
168C,8DE9
16A3,0DE9
16C7,7216
174C,1BD1
17B6,F217
17C6,E42F
17D2,8DE8
17FD,0DE8
180D,1BCF
18BC,0DE7
18D8,7218
18F7,F218
19A9,F219
19CD,8DE6
19D9,E433
1A00,0DE5
1A18,E434
1A2F,8DE5
1A4B,F21A
1A64,721A
1A74,3796
1A8C,3795
1A92,1BCA
1B15,F21B
1B3A,721B
1B3B,3793
1B46,E436
1B5E,0DE4
1B71,8DE4
1BC3,3790
1BCC,1BC8
1C6C,1BC7
1C96,F21C
1CB9,721C
1CDD,0DE3
1CE6,E439
1CF2,8DE3
1D32,1BC5
1D83,0DE2
1DAC,8DE2
1DB8,E43B
1DC8,F21D
1DE7,721D
1E2A,F21E
1E4E,8DE1
1EF3,1BC2
1EFC,3784
1F10,8DE0
1F27,E43E
1F3F,0DE0
1F4B,3782
1F5B,721F
1F74,F21F
1FAD,1BC0
1FB3,3781
208B,F220
20A4,7220
20C0,0DDF
20EF,8DDF
20FB,E441
212F,1BBD
219E,0DDE
21A5,E443
21B1,8DDE
21D5,F221
21FA,7221
227C,0DDD
22EE,1BBA
230D,8DDC
233A,E446
23AE,3771
23B0,1BB8
248E,8DDB
249A,E449
24A1,0DDB
24C5,7224
24EA,F224
254E,1BB5
259B,7225
25B4,F225
25C4,E44B
25D0,8DDA
25FF,0DDA
261D,0DD9
268F,1BB2
275B,E44E
276C,8DD8
27D1,1BB0
27DE,3760
281A,E450
282D,8DD7
288E,375D
295C,0DD6
29C1,3758
29CE,1BAC
2A0F,1BAB
2A85,E455
2A91,8DD5
2ABE,0DD5
2ADA,722A
2AF5,F22A
2B51,1BA9
2B84,722B
2BAB,F22B
2BCF,8DD4
2BDB,E457
2BE0,0DD4
2C06,374F
2C07,722C
2C28,F22C
2C4C,8DD3
2C63,0DD3
2C7B,E458
2CF1,1BA6
2CFE,374C
2D12,8DD2
2D25,E45A
2D3D,0DD2
2D49,374A
2D59,722D
2D76,F22D
2DAF,1BA4
2DB1,3749
2E6E,1BA3
2EBB,722E
2EDF,0DD1
2EE4,E45D
2EF0,8DD1
2F30,1BA1
2F81,0DD0
2FAE,8DD0
2FBA,E45F
2FCA,F22F
2FE5,722F
305D,0DCF
30C0,373C
30CF,1B9E
311B,E462
312C,8DCE
318F,3739
32AA,F232
32CE,8DCD
32DA,E465
330E,1B99
33BF,0DCC
33DB,7233
33F4,F233
343C,0DCB
34AE,1B96
34B0,372D
354D,8DCA
357A,E46A
35F0,1B94
35FF,3728
36AF,8DC9
36BB,E46D
36CB,F236
376F,1B91
37BA,7237
37DE,0DC8
37F1,8DC8
382E,1B8F
389F,0DC7
38A4,E471
38B0,8DC7
38D4,F238
38FB,7238
398A,F239
39A5,7239
39C1,0DC6
39EE,8DC6
39FA,E473
3A0C,8DC5
3A23,0DC5
3A3B,E474
3A47,723A
3A57,3716
3A68,F23A
3AAF,3715
3AB1,1B8A
3B18,3713
3B19,723B
3B36,F23B
3B52,8DC4
3B65,E476
3B7D,0DC4
3BE0,3710
3BEF,1B88
3C4F,1B87
3C9A,723C
3CB5,F23C
3CC5,E479
3CD1,8DC3
3CFE,0DC3
3D11,1B85
3D8F,8DC2
3D9B,E47B
3DA0,0DC2
3DC4,723D
3DEB,F23D
3E5A,E47C
3E6D,8DC1
3ED0,1B82
3EDF,3704
3F04,E47E
3F1C,0DC0
3F33,8DC0
3F57,F23F
3F68,3702
3F78,723F
3F8E,1B80
3F90,3701
406C,36FE
408A,8DBF
409E,E481
40A5,0DBF
40C1,7240
40EE,F240
414A,1B7D
419F,7241
41B0,F241
41C0,E483
41D4,8DBE
41DB,36F8
41FB,0DBE
427D,7242
428B,1B7A
430C,F243
435F,E486
43D5,1B78
441C,36EF
448F,F244
44A0,7244
44C4,0DBB
44EB,8DBB
44FF,E489
452B,1B75
459A,0DBA
45A1,E48B
45AB,36E9
45B5,8DBA
45D1,F245
45FE,7245
461C,7246
46EA,1B72
473E,E48E
476D,F247
47B4,1B70
482C,F248
487F,E490
48F5,1B6E
495D,7249
49AB,1B6C
4A03,36D7
4A6A,1B6B
4A90,F24A
4ABF,724A
4ADB,0DB5
4AE0,E495
4AF4,8DB5
4AFB,36D4
4B34,1B69
4B4C,36D2
4B85,0DB4
4BAA,8DB4
4BB4,36D1
4BBE,E497
4BCE,F24B
4BE1,724B
4C06,0DB3
4C1E,E498
4C29,8DB3
4C4D,F24C
4C62,724C
4C94,1B66
4D13,F24D
4D3C,724D
4D40,E49A
4D58,0DB2
4D77,8DB2
4DCA,1B64
4E0B,1B63
4E8B,36C5
4EBA,0DB1
4EDE,724E
4EF1,F24E
4F3C,36C3
4F55,1B61
4F80,724F
4FAF,F24F
4FC4,36C0
4FCB,8DB0
4FDF,E49F
4FE4,0DB0
505C,7250
50AA,1B5E
512D,F251
517E,E4A2
51F4,1B5C
524D,36B6
52AB,8DAD
52B5,36B5
52BF,E4A5
52CF,F252
536B,1B59
53BE,7253
53DA,0DAC
53F5,8DAC
53FA,36B0
543D,7254
54CB,1B56
551F,E4AA
554C,F255
563D,36A7
56AE,F256
56C5,36A4
56CA,8DA9
56DE,E4AD
570A,1B51
578A,36A1
57BB,0DA8
57DF,7257
57F0,F257
584B,1B4F
589E,7258
58B1,F258
58C1,E4B1
58D5,8DA7
58DA,369C
58FA,0DA7
596D,369A
598B,8DA6
599F,E4B3
59A4,0DA6
59C0,7259
59EF,F259
5A0D,F25A
5A22,725A
5A46,0DA5
5A5E,E4B4
5A69,8DA5
5AD4,1B4A
5B00,E4B6
5B18,0DA4
5B37,8DA4
5B53,F25B
5B7C,725B
5B8A,1B48
5C2A,1B47
5C52,368E
5C9B,0DA3
5CA0,E4B9
5CAA,368D
5CB4,8DA3
5CD0,F25C
5CFF,725C
5D1D,368B
5D74,1B45
5D8E,F25D
5DA1,725D
5DC5,0DA2
5DE5,3688
5DEA,8DA2
5DFE,E4BB
5E3F,E4BC
5E6C,F25E
5EB5,1B42
5F1D,725F
5F32,F25F
5F56,8DA0
5F61,E4BE
5F79,0DA0
604F,367E
60A9,8D9F
60B7,367D
60BD,E4C1
60CD,F260
61BC,7261
61D8,0D9E
61F7,8D9E
61F8,3678
623A,0D9D
625E,7262
62A8,1B3A
632F,F263
634B,8D9C
637C,E4C6
63F6,1B38
643F,366F
64AC,F264
64C7,366C
64C8,8D9B
64DC,E4C9
65B9,0D9A
65DD,7265
65F2,F265
663F,7266
665B,0D99
66C9,1B32
671D,E4CE
672A,8D98
674E,F267
680F,F268
685C,E4D0
686B,8D97
68D6,1B2E
691A,0D96
697E,7269
6A20,3657
6A49,1B2B
6A9C,726A
6AB3,F26A
6AC3,E4D5
6AD7,8D95
6AD8,3654
6AF8,0D95
6B17,1B29
6B6F,3652
6B89,8D94
6B97,3651
6B9D,E4D7
6BA6,0D94
6BC2,726B
6BED,F26B
6C0A,8D93
6C25,0D93
6C3D,E4D8
6C41,726C
6C6E,F26C
6CB7,1B26
6D1F,726D
6D30,F26D
6D54,8D92
6D63,E4DA
6D7B,0D92
6DE9,1B24
6EA2,E4DD
6EA8,3645
6EB6,8D91
6ED2,F26E
6EFD,726E
6F1F,3643
6F76,1B21
6F8C,F26F
6FA3,726F
6FC7,0D90
6FE7,3640
6FE8,8D90
6FFC,E4DF
701B,0D8F
707F,7270
710E,F271
715D,E4E2
716A,8D8E
71D7,1B1C
726E,3636
729C,E4E5
72A7,0D8D
72C3,7272
72EC,F272
739D,7273
73B2,F273
73C2,E4E7
73D6,8D8C
73D9,3630
73F9,0D8C
741E,7274
747A,0D8B
750B,8D8A
753C,E4EA
756F,F275
75B6,1B14
761E,3627
768D,F276
76A2,7276
76C6,0D89
76FD,E4ED
77A3,E4EF
77A9,3621
77B7,8D88
77D3,F277
77FC,7277
78BD,7278
78D9,0D87
78F6,8D87
78F9,361C
794E,361A
79A8,8D86
79B6,3619
79BC,E4F3
79CC,F279
7A01,727A
7A2E,F27A
7A4A,8D85
7A65,0D85
7A7D,E4F4
7AF7,1B0A
7B14,8D84
7B23,E4F6
7B3B,0D84
7B5F,727B
7B70,F27B
7BA9,1B08
7C09,1B07
7C71,360E
7C83,E4F9
7C89,360D
7C97,8D83
7CB8,0D83
7CDC,727C
7CF3,F27C
7D3E,360B
7D57,1B05
7D82,727D
7DAD,F27D
7DC6,3608
7DC9,8D82
7DDD,E4FB
7DE6,0D82
7E1C,E4FC
7E2B,8D81
7E4F,F27E
7F11,F27F
7F3E,727F
7F42,E4FE
7F5A,0D80
7F75,8D80
7FC8,1B00
800B,7280
806F,0D7F
809F,1AFE
811E,8D7E
814B,E502
817A,F281
81C1,1AFC
821E,35F7
828A,E505
82B7,7282
82D3,0D7D
82FC,8D7D
835E,1AF9
838D,0D7C
83A2,8D7C
83A9,35F1
83C6,F283
83D4,E507
840E,0D7B
846A,7284
84FE,1AF6
851B,F285
852A,E50A
857F,8D7A
85A0,1AF4
866E,35E6
869D,8D79
86B2,0D79
86D6,7286
86EB,E50D
86F9,F286
873F,1AF1
87A7,F287
87B5,E50F
87C3,8D78
87D9,35E0
87EC,0D78
887E,1AEF
88AD,0D77
88C9,7288
88F4,E511
893E,35DB
89AA,E513
89B8,F289
89C6,35D8
89DC,8D76
89F3,0D76
8A11,0D75
8A3E,8D75
8A5A,F28A
8A6B,E514
8A75,728A
8AE1,1AEA
8B04,F28B
8B2B,728B
8B35,E516
8B4F,0D74
8B60,8D74
8BBF,1AE8
8C01,35CF
8C1F,1AE7
8C87,F28C
8C95,E519
8CA8,728C
8CCC,0D73
8CE3,8D73
8CF9,35CC
8D41,1AE5
8D4E,35CA
8D92,0D72
8DB6,35C9
8DBD,8D72
8DCB,E51B
8DD9,F28D
8DF6,728D
8E0A,E51C
8E3B,F28E
8E5F,8D71
8F01,8D70
8F2E,0D70
8F4A,728F
8F54,E51E
8F65,F28F
8FDE,1AE0
903F,35BF
90AB,E521
90B9,F290
90C7,35BC
90DD,8D6F
90F2,0D6F
917F,1ADD
91AC,0D6E
91C8,7291
91F5,E523
922A,7292
924E,0D6D
92BE,1ADA
933F,8D6C
935B,F293
936A,E526
944F,35AE
94B7,35AD
94BC,8D6B
94CA,E529
94D8,F294
94F7,7294
951E,1AD5
95A9,7295
95CD,0D6A
95F8,35A8
962F,0D69
964B,7296
96DF,1AD2
970B,E52E
973A,F297
975E,8D68
981F,8D67
984A,E530
987B,F298
98C0,1ACE
990A,7299
996E,0D66
999E,1ACC
9A50,3596
9A5F,1ACB
9A8C,0D65
9AA3,8D65
9AA8,3595
9AC7,F29A
9AD5,E535
9AE8,729A
9B01,1AC9
9B1F,3593
9B8B,E537
9B99,F29B
9BB6,729B
9BD2,0D64
9BE7,3590
9BFD,8D64
9C1A,F29C
9C2B,E538
9C35,729C
9C51,0D63
9C7E,8D63
9CA1,1AC6
9D0F,0D62
9D20,8D62
9D44,F29D
9D6B,729D
9D75,E53A
9DFF,1AC4
9E3E,1AC3
9EA6,F29E
9EB4,E53D
9EC2,8D61
9ED8,3584
9EED,0D61
9F60,1AC1
9F6F,3582
9F97,3581
9F9C,8D60
9FB3,0D60
9FD7,729F
9FEA,E53F
9FF8,F29F
A007,F2A0
A028,72A0
A036,E540
A04C,0D5F
A063,8D5F
A0BC,1ABE
A112,0D5E
A13D,8D5E
A159,F2A1
A168,E542
A176,72A1
A1E2,1ABC
A223,1ABB
A23D,3577
A294,72A2
A2A9,E545
A2BB,F2A2
A2C5,3574
A2DF,8D5D
A2F0,0D5D
A372,3572
A37D,1AB9
A381,8D5C
A38A,3571
A3AE,0D5C
A3CA,72A3
A3E5,F2A3
A3F7,E547
A402,8D5B
A42D,0D5B
A449,72A4
A457,E548
A466,F2A4
A4DD,1AB6
A509,E54A
A517,72A5
A538,F2A5
A55C,8D5A
A573,0D5A
A583,1AB4
A642,1AB3
A64D,3566
A691,0D59
A6B5,3565
A6BE,8D59
A6C8,E54D
A6DA,F2A6
A6F5,72A6
A702,3563
A71C,1AB1
A784,F2A7
A796,E54F
A7AB,72A7
A7CF,0D58
A7E0,8D58
A7FA,3560
A852,355E
A85D,1AAF
A88E,0D57
A8A1,8D57
A8AA,355D
A8C5,F2A8
A8D7,E551
A8EA,72A8
A903,1AAD
A91D,355B
A989,E553
A99B,F2A9
A9B4,72A9
A9D0,0D56
A9E5,3558
A9FF,8D56
AA1D,8D55
AA32,0D55
AA48,E554
AA56,72AA
AA79,F2AA
AAC2,1AAA
AB08,72AB
AB16,E556
AB27,F2AB
AB43,8D54
AB6C,0D54
AB9C,1AA8
AC22,354F
AC3C,1AA7
AC8B,72AC
ACA4,F2AC
ACB6,E559
ACC0,8D53
ACDA,354C
ACEF,0D53
AD62,1AA5
AD6D,354A
AD95,3549
AD9E,8D52
ADB1,0D52
ADD5,72AD
ADE8,E55B
ADFA,F2AD
AE18,F2AE
AE29,E55C
AE37,72AE
AE53,0D51
AE7C,8D51
AEA3,1AA2
AF0D,0D50
AF22,8D50
AF46,F2AF
AF69,72AF
AF77,E55E
AFFD,1AA0
B002,1A9F
B01C,353F
B088,E561
B09A,F2B0
B0B5,72B0
B0D1,0D4F
B0E4,353C
B0FE,8D4F
B153,353A
B15C,1A9D
B18F,0D4E
B1A0,8D4E
B1AB,3539
B1C4,F2B1
B1D6,E563
B1EB,72B1
B209,72B2
B217,E564
B226,F2B2
B242,8D4D
B26D,0D4D
B29D,1A9A
B31C,8D4C
B333,0D4C
B349,E566
B357,72B3
B378,F2B3
B3C3,1A98
B463,1A97
B46C,352E
B494,352D
B49F,8D4B
B4B0,0D4B
B4D4,72B4
B4E9,E569
B4FB,F2B4
B523,352B
B53D,1A95
B58A,72B5
B5A5,F2B5
B5B7,E56B
B5C1,8D4A
B5DB,3528
B5EE,0D4A
B60C,0D49
B623,8D49
B647,F2B6
B668,72B6
B676,E56C
B6FC,1A92
B719,F2B7
B728,E56E
B736,72B7
B752,0D48
B77D,8D48
B7A2,1A90
B813,0D47
B83C,8D47
B858,F2B8
B869,E570
B877,72B8
B8E3,1A8E
B906,F2B9
B929,72B9
B937,E572
B94D,0D46
B962,8D46
B9BD,1A8C
BA73,3516
BA7C,1A8B
BA80,8D45
BA8B,3515
BAAF,0D45
BACB,72BA
BAE4,F2BA
BAF6,E575
BB22,1A89
BB3C,3513
BB95,72BB
BBA8,E577
BBBA,F2BB
BBC4,3510
BBDE,8D44
BBF1,0D44
BC08,E578
BC16,72BC
BC39,F2BC
BC5D,8D43
BC72,0D43
BC82,1A86
BD03,8D42
BD2C,0D42
BD48,72BD
BD56,E57A
BD67,F2BD
BDDC,1A84
BE03,3507
BE1D,1A83
BE85,F2BE
BE97,E57D
BEAA,72BE
BECE,0D41
BEE1,8D41
BEFB,3504
BF43,1A81
BF4C,3502
BF90,0D40
BFB4,3501
BFBF,8D40
BFC9,E57F
BFDB,F2BF
BFF4,72BF
C006,8D3F
C029,0D3F
C048,34FE
C04D,72C0
C053,E580
C062,F2C0
C0B0,34FD
C0D9,1A7E
C107,34FB
C10D,E582
C113,72C1
C13C,F2C1
C158,8D3E
C177,0D3E
C187,1A7C
C1FF,34F8
C246,1A7B
C295,0D3D
C2BA,8D3D
C2CC,E585
C2DE,F2C2
C2F1,72C2
C318,1A79
C380,F2C3
C392,E587
C3AF,72C3
C3CB,0D3C
C3E4,8D3C
C403,F2C4
C42C,72C4
C432,E588
C438,34EF
C448,0D3B
C467,8D3B
C4B8,1A76
C4C0,34EC
C516,0D3A
C539,8D3A
C55D,F2C5
C56C,E58A
C572,72C5
C577,34EA
C58F,34E9
C5E6,1A74
C627,1A73
C690,72C6
C6AD,E58D
C6BF,F2C6
C6DB,8D39
C6F4,0D39
C779,1A71
C785,8D38
C7AA,0D38
C7CE,72C7
C7E1,F2C7
C7F3,E58F
C838,1A6F
C88F,72C8
C8A0,F2C8
C8B2,E591
C8C4,8D37
C8EB,0D37
C966,1A6D
C99A,8D36
C9B5,0D36
C9D1,72C9
C9EC,E593
C9FE,F2C9
CA1C,F2CA
CA27,34D7
CA2D,E594
CA33,72CA
CA57,0D35
CA78,8D35
CAA7,1A6A
CADF,34D4
CB09,0D34
CB26,8D34
CB42,F2CB
CB68,34D2
CB6D,72CB
CB73,E596
CB90,34D1
CBF9,1A68
CC59,1A67
CC8A,0D33
CCA5,8D33
CCC1,F2CC
CCD3,E599
CCEE,72CC
CD07,1A65
CD8D,E59B
CD9F,F2CD
CDB0,72CD
CDD4,0D32
CDFB,8D32
CE19,8D31
CE36,0D31
CE4C,E59C
CE52,72CE
CE57,34C6
CE7D,F2CE
CEAF,34C5
CEC6,1A62
CF0C,72CF
CF12,E59E
CF18,34C3
CF23,F2CF
CF47,8D30
CF68,0D30
CF98,1A60
CFE0,34C0
D067,1A5F
D09B,8D2F
D0B4,0D2F
D0D0,72D0
D0ED,E5A1
D0FF,F2D0
D139,1A5D
D18E,72D1
D1A1,F2D1
D1B3,E5A3
D1C5,8D2E
D1EA,0D2E
D208,0D2D
D227,8D2D
D243,F2D2
D269,34B6
D26C,72D2
D272,E5A4
D291,34B5
D2F8,1A5A
D31D,F2D3
D326,34B3
D32C,E5A6
D332,72D3
D356,0D2C
D379,8D2C
D3A6,1A58
D3DE,34B0
D406,1A57
D48C,E5A9
D49E,F2D4
D4B1,72D4
D4D5,0D2B
D4FA,8D2B
D558,1A55
D58B,0D2A
D5A4,8D2A
D5C0,F2D5
D5D2,E5AB
D5EF,72D5
D60D,72D6
D613,E5AC
D619,34A7
D622,F2D6
D646,8D29
D669,0D29
D699,1A52
D6E1,34A4
D718,8D28
D737,0D28
D74D,E5AE
D753,72D7
D756,34A2
D77C,F2D7
D7AE,34A1
D7C7,1A50
D806,349F
D80C,E5B0
D812,72D8
D83D,F2D8
D859,8D27
D876,0D27
D886,1A4E
D8FE,349C
D907,8D26
D928,0D26
D949,349A
D94C,72D9
D952,E5B2
D963,F2D9
D9B1,3499
D9D8,1A4C
DA19,1A4B
DA81,F2DA
DA93,E5B5
DAAE,72DA
DACA,0D25
DAE5,8D25
DB47,1A49
DB94,0D24
DBBB,8D24
DBCD,E5B7
DBDF,F2DB
DBF0,72DB
DC17,0D23
DC38,8D23
DC5C,F2DC
DC6D,E5B8
DC73,72DC
DC76,348E
DC8E,348D
DCE7,1A46
DD02,F2DD
DD2D,72DD
DD33,E5BA
DD39,348B
DD49,0D22
DD66,8D22
DDB9,1A44
DDC1,3488
DE78,1A43
DE84,8D21
DEAB,0D21
DECF,72DE
DEE0,F2DE
DEF2,E5BD
DF26,1A41
DF91,72DF
DFAC,E5BF
DFBE,F2DF
DFDA,8D20
DFF5,0D20
E00A,0D1F
E025,8D1F
E041,F2E0
E06B,347E
E06E,72E0
E070,E5C0
E093,347D
E0FA,1A3E
E11F,F2E1
E124,347B
E12E,E5C2
E130,72E1
E154,0D1E
E17B,8D1E
E1A4,1A3C
E1DC,3478
E265,1A3B
E299,8D1D
E2B6,0D1D
E2D2,72E2
E2EF,E5C5
E2FD,F2E2
E33B,1A39
E38C,72E3
E3A3,F2E3
E3B1,E5C7
E3C7,8D1C
E3E8,0D1C
E40F,72E4
E411,E5C8
E41B,346F
E420,F2E4
E444,8D1B
E46B,0D1B
E49B,1A36
E4E3,346C
E51A,8D1A
E535,0D1A
E54F,E5CA
E551,72E5
E554,346A
E57E,F2E5
E5AC,3469
E5C5,1A34
E604,1A33
E68E,E5CD
E69C,F2E6
E6B3,72E6
E6D7,0D19
E6F8,8D19
E75A,1A31
E789,0D18
E7A6,8D18
E7C2,F2E7
E7D0,E5CF
E7ED,72E7
E81B,1A2F
E883,F2E8
E891,E5D1
E8AC,72E8
E8C8,0D17
E8E7,8D17
E945,1A2D
E996,0D16
E9B9,8D16
E9CF,E5D3
E9DD,F2E9
E9F2,72E9
EA04,3457
EA0E,E5D4
EA10,72EA
EA3F,F2EA
EA5B,8D15
EA74,0D15
EA84,1A2A
EAFC,3454
EB05,8D14
EB2A,0D14
EB4B,3452
EB4E,72EB
EB50,E5D6
EB61,F2EB
EBB3,3451
EBDA,1A28
EC7A,1A27
EC86,8D13
ECA9,0D13
ECCD,72EC
ECE2,F2EC
ECF0,E5D9
ED24,1A25
ED93,72ED
EDAE,E5DB
EDBC,F2ED
EDD8,8D12
EDF7,0D12
EE15,0D11
EE3A,8D11
EE5E,F2EE
EE6F,E5DC
EE71,72EE
EE74,3446
EE8C,3445
EEE5,1A22
EF00,F2EF
EF2F,72EF
EF31,E5DE
EF3B,3443
EF4B,0D10
EF64,8D10
EFBB,1A20
EFC3,3440
F044,1A1F
F097,0D0F
F0B8,8D0F
F0CE,E5E1
F0DC,F2F0
F0F3,72F0
F11A,1A1D
F182,F2F1
F190,E5E3
F1AD,72F1
F1C9,0D0E
F1E6,8D0E
F204,8D0D
F22B,0D0D
F24A,3436
F24F,72F2
F251,E5E4
F260,F2F2
F2B2,3435
F2DB,1A1A
F305,3433
F30F,E5E6
F311,72F3
F33E,F2F3
F35A,8D0C
F375,0D0C
F385,1A18
F3FD,3430
F425,1A17
F492,72F4
F4AF,E5E9
F4BD,F2F4
F4D9,8D0B
F4F6,0D0B
F57B,1A15
F587,8D0A
F5A8,0D0A
F5CC,72F5
F5E3,F2F5
F5F1,E5EB
F601,F2F6
F62E,72F6
F630,E5EC
F63A,3427
F64A,0D09
F665,8D09
F6BA,1A12
F6C2,3424
F714,0D08
F73B,8D08
F75F,F2F7
F76E,E5EE
F770,72F7
F775,3422
F78D,3421
F7E4,1A10
F81E,F2F8
F825,341F
F82F,E5F0
F831,72F8
F855,0D07
F87A,8D07
F8A5,1A0E
F8DD,341C
F90B,0D06
F924,8D06
F940,F2F9
F96A,341A
F96F,72F9
F971,E5F2
F992,3419
F9FB,1A0C
FA3A,1A0B
FA8D,72FA
FAA2,F2FA
FAB0,E5F5
FAC6,8D05
FAE9,0D05
FB64,1A09
FB98,8D04
FBB7,0D04
FBD3,72FB
FBEE,E5F7
FBFC,F2FB
FC1B,8D03
FC34,0D03
FC4E,E5F8
FC50,72FC
FC55,340E
FC7F,F2FC
FCAD,340D
FCC4,1A06
FD0E,72FD
FD10,E5FA
FD1A,340B
FD21,F2FD
FD45,8D02
FD6A,0D02
FD9A,1A04
FDE2,3408
FE5B,1A03
FE88,0D01
FEA7,8D01
FEC3,F2FE
FED1,E5FD
FEEC,72FE
FF05,1A01
FF8F,E5FF
FF9D,F2FF
FFB2,72FF
FFD6,0D00
FFF9,8D00
